,company,text,result
0,자이냅스,"[특징주]디지아이, 챗봇 핵심 생성AI 세계 최초 기술 자이냅스 지분 11% 보유↑",POSITIVE
1,자이냅스,AI가 엄마 목소리로 책 읽어준다…자이냅스-북토비 맞손,NEUTRAL
2,자이냅스,[스타트업] AI가 엄마 목소리로 대신 읽어줘요,NEUTRAL
3,자이냅스,어린이 전자책에 '생성 AI' 음성기술 접목…자이냅스·북토비 맞손,NEUTRAL
4,자이냅스,자이냅스-북토비 '음성합성 기술 키즈 콘텐츠 개발' 협력,NEUTRAL
5,스트라드비젼,투자 빙하기 녹인  ‘핫’ 스타트업,POSITIVE
6,스트라드비젼,CCO에 CPSO·CSO까지…별의별 'C레벨' 직책이 다 있네,NEUTRAL
7,스트라드비젼,"CDO, CRO, CPSO?…기업들 C'X'O 직책 늘어나는 까닭은 [긱스]",NEUTRAL
8,스트라드비젼,‘AI에 진심’ 1500억 베팅한 미래에셋벤처투자…성과 기대감↑,NEUTRAL
9,스트라드비젼,직장인 행복도 1위 기업은 구글코리아…2위는? [Geeks' Briefing],NEUTRAL
10,로앤컴퍼니,변협 '로톡 이용 제한' 문제 없나?…오늘 법위반 여부 가려져,NEUTRAL
11,로앤컴퍼니,디지털 성범죄 피해자 법률상담 돕는다…로톡·라바웨이브 맞손,NEUTRAL
12,로앤컴퍼니,"로톡-라바웨이브, 디지털 성범죄 피해자 법률상담 MOU",NEUTRAL
13,로앤컴퍼니,"로톡-라바웨이브 맞손…""디지털 성범죄 피해자 법률상담 지원""",NEUTRAL
14,로앤컴퍼니,"로톡-라바웨이브, 디지털 성범죄 피해자 법률상담 지원 협업",NEUTRAL
15,알고리즘랩스,"""의대 가려고"" 연쇄 이탈...대학들, 대면 상담·AI 도입까지",NEUTRAL
16,알고리즘랩스,[자막뉴스] SKY 대거 이탈 막기 대작전...AI까지 도입한다,NEUTRAL
17,알고리즘랩스,"""의대 가려고"" 연쇄 이탈...대학들, 대면 상담·AI 도입까지",NEUTRAL
18,알고리즘랩스,"서울창조경제혁신센터, ‘2022년 산업맞춤형 AI인력양성 바우처 지원사업’ 성료",NEUTRAL
19,알고리즘랩스,"서울창조경제혁신센터, 2022년 산업맞춤형 AI인력양성 바우처 지원사업 44개 과제 최종 마무리",NEUTRAL
20,빅인사이트,[2022 디지털마케팅 연말결산]슬슬 실감되는 '쿠키리스시대',NEUTRAL
21,빅인사이트,"'진입장벽 낮추는' 디지털 마케팅 솔루션, '고객 경험' 개선에 주력",POSITIVE
22,빅인사이트,[주목! 이 책] 요즘 카피 바이블,NEUTRAL
23,빅인사이트,"빅인사이트, 커머스 특화 '빅인 CDP' 론칭…마케터 역량 향상 기대",POSITIVE
24,빅인사이트,"빅인사이트, 고객 데이터 플랫폼(CDP) 출시… 커머스 마케팅 지원",NEUTRAL
25,악어디지털,"악어디지털, 에이스손해보험과 ‘보험금 청구 자동화’ 사업 진행",NEUTRAL
26,악어디지털,"악어디지털, KISA ‘전자화 문서 관리 규정’ 등록 완료",NEUTRAL
27,악어디지털,5·18기록물 통합DB 구축 2차년도 사업 본격화,NEUTRAL
28,악어디지털,5·18기록물 통합 DB 구축 2차년도 사업 돌입,NEUTRAL
29,악어디지털,"악어디지털, 문서전자화 솔루션 ‘파인웍스’ GS인증 1등급 획득",POSITIVE
30,포지큐브,"하나은행, 비대면 실명확인에 '신분증 원본 검증' 기술 적용…""고해상도 컬러 복사본까지 판별 가능""",NEUTRAL
31,포지큐브,"하나은행, 신분증 원본 검증 기술로 금융사고 예방",NEUTRAL
32,포지큐브,"하나은행, 비대면 실명확인에 신분증 원본 검증 기술 적용",NEUTRAL
33,포지큐브,"하나은행, 비대면 실명확인에 '신분증 원본 검증' 적용",NEUTRAL
34,포지큐브,"하나은행, 비대면 실명확인에 ‘은행 최초’ 신분증 원본 검증 적용",NEUTRAL
35,에이아이트릭스,"환자 응급상황 예측 AI ‘바이탈케어’, 3월부터 비급여 시장 진입",NEUTRAL
36,에이아이트릭스,"입원환자 응급상황 예측하는 AI 기술, 비급여 시장 진입한다",NEUTRAL
37,에이아이트릭스,"AI트릭스 '바이탈케어', 다음달 비급여 진출… 신의료기술평가 유예",POSITIVE
38,에이아이트릭스,"웰트·에이아이트릭스, 식약처 혁신의료기기 지정...디지털헬스케어 실증지원사업 참여 결과",POSITIVE
39,에이아이트릭스,"케이메디허브, 디지털 헬스케어 실증지원 사업으로 기업 2곳 혁신의료기기로 지정",POSITIVE
40,아크릴,‘엔터테이너 거리’ 핵심 ‘스타게이트 영상’ 결국 없어진다,NEUTRAL
41,아크릴,“전통과 현대·역사와 미래·다양성 담긴 역작”,NEUTRAL
42,아크릴,"커피를 마시는 또 다른 이유…자연, 동네를 품은 그 카페 [부동산360]",NEUTRAL
43,아크릴,국도 방음벽 뚫고 날아간 새…지나가다 ‘파편 세례’ 맞은 차량 배상은? [영상],NEUTRAL
44,아크릴,"함평군, 매월 마지막 주 수요일은 '문화가 있는 날'",NEUTRAL
45,노타,"[포토]이장우 대전시장, CES 2023 방문…시정 접목 방안 구상",NEUTRAL
46,노타,이장우 대전시장 CES 2023 참관…시정 접목 구상,NEUTRAL
47,노타,"대전 유망 벤처, 세계최대 혁신기술 경연장 ‘CES 2023’서 기술력 뽐냈다",POSITIVE
48,노타,"미국 라스베이거스 'CES 2023' 찾은 이장우 대전시장 ""결국 반도체""",NEUTRAL
49,노타,"이장우 대전시장, CES 찾아 나노반도체· 마이스 산업 육성 방안 구체화",NEUTRAL
50,제이엘케이,"제이엘케이, 14일 기업설명회 개최",NEUTRAL
51,제이엘케이,제약·바이오株 맥 못추는데 ‘의료AI’ 주가는 80%↑... 해당 기업은 영업적자,NEGATIVE
52,제이엘케이,로봇株 불상승할 때 함께 뛰었다…V자 반등 성공한 '이것'은?,POSITIVE
53,제이엘케이,"제이엘케이, 전립선암 진단 보조 딥러닝 모델 국제학술지 게재",NEUTRAL
54,제이엘케이,"제이엘케이, AI로 전립선암 진단 개선 논문 MDPI에 게재",POSITIVE
55,휴레이포지티브,"""헬스케어 디지털 전환은 선택 아닌 필수…퍼스트무버만 생존 가능""",POSITIVE
56,휴레이포지티브,"대세 'AI' 흐름탄 루닛 ""올해에도 작년처럼 성장할 것""",POSITIVE
57,휴레이포지티브,"[fn마켓워치]IMM인베, 12개 디지털헬스케어 포트폴리오사 협력 강화",NEUTRAL
58,휴레이포지티브,"통신업계, 디지털 헬스케어 사업 잰걸음",NEUTRAL
59,휴레이포지티브,재벌들이 경쟁적으로 디지털 헬스케어에 뛰어드는 까닭,NEUTRAL
60,뉴빌리티,"4주년 맞은 규제샌드박스, 성과는?…투자 유치 10조원, 고용 1만명 넘어",POSITIVE
61,뉴빌리티,"[POWER COMPANY] `오뚝이 정신` 계승한 HL만도, ESG경영도 A등급",POSITIVE
62,뉴빌리티,가교부터 투자까지... 유망 스타트업과 상생하는 삼성증권 [ESG클린리더스],NEUTRAL
63,뉴빌리티,"실험실서 키운 투뿔 꽃등심, 치킨 튀기는 로봇…돈 되는 이 기술",POSITIVE
64,뉴빌리티,“인간의 삶을 편리하게… 로봇과 함께 살아가는 세상 꿈꿔”[더 퓨처스],NEUTRAL
65,아카에이아이,"아카에이아이, 이화여대에 AI 학습로봇 '뮤지오' 공급",NEUTRAL
66,아카에이아이,초등학생에 영어 가르치는 ‘AI 로봇’ 확산… 서울 신화초 도입 효과,POSITIVE
67,아카에이아이,"아카에이아이, 산북중학교에 50번째 AI로봇 설치",NEUTRAL
68,아카에이아이,"AI 로봇 뮤지오 &amp; 페퍼, 국내 도입 기관 100개 돌파",POSITIVE
69,아카에이아이,코로나19가 앞당긴 ‘로봇 교사’ 시대 [윤정원의 디지털 인사이트],NEUTRAL
70,케이웨더,"개나리 개화..제주도 3월 10일, 광주 3월 15일, 서울 3월 24일",POSITIVE
71,케이웨더,[주말날씨] 구름 많지만 평년보다 포근…중부 미세먼지 심해,POSITIVE
72,케이웨더,"매화 시작으로 개나리, 진달래.. 제주서 ‘봄꽃  향연’",POSITIVE
73,케이웨더,[기상센터] 올해 봄꽃 빨리 핀다!…3월 기온 평년보다 높을 듯,POSITIVE
74,케이웨더,[제주날씨] 비온 뒤 '포근'...봄꽃 언제  필까,POSITIVE
75,업라이즈,[이효석의 주간증시] 시장 뒤흔들 시나리오…경착륙→연착륙→무착륙?,NEUTRAL
76,업라이즈,고속물류 작업용 바코드 리더기 '데이터맨580' 출시[중기소식],NEUTRAL
77,업라이즈,"[이효석의 주간증시] ""연준아 나 너무 신나""…'파월 랠리' 다시 한번?",POSITIVE
78,업라이즈,“집·한우·음악·그림 쪼개 팝니다”…STO 르네상스 열린다,POSITIVE
79,업라이즈,채권투자의 시작은 경제흐름 파악…세가지 지표는 챙겨봐라[채권공부방],NEUTRAL
80,스마트레이더시스템,"중기부, 10개 신산업 창업기업과 릴레이 간담회",NEUTRAL
81,스마트레이더시스템,'초격차 스타트업 1000+' 다음달 6일 접수 마감,NEUTRAL
82,스마트레이더시스템,"중기부, 신산업 스타트업 육성…11억원 규모 지원",NEUTRAL
83,스마트레이더시스템,신산업 스타트업 150개사에 기업당 최대 11억 지원...'신산업 스타트업 육성사업' 모집,NEUTRAL
84,스마트레이더시스템,"“신산업 생태계 조성”… 중기부, 초격차 분야 창업기업 간담회 개최",NEUTRAL
85,쓰리아이,아기유니콘 비결은 'AI'... 성장률 최상위 3개사 AI 활용,POSITIVE
86,쓰리아이,아기유니콘 26곳 '기업가치 1천억원' 예비유니콘으로 성장,POSITIVE
87,쓰리아이,'아기유니콘' 참여사 중 26곳 기업가치 1000억으로 성장,POSITIVE
88,쓰리아이,"아기유니콘 기업, 평균 3.5배 성장…26곳 기업가치 1000억 넘어",POSITIVE
89,쓰리아이,"아기유니콘200 참여기업 26개사, 기업가치 1000억 돌파",POSITIVE
90,뷰메진,"호반건설, 오픈 이노베이션과 신사업 투자로 기술 혁신 앞장",POSITIVE
91,뷰메진,"호반건설, 프롭테크 접목한 현장중심의 안전경영 두각",POSITIVE
92,뷰메진,"롯데벤처스 ‘엘캠프 10기, 부산 4기’ 14개사, 언박싱더엘캠프 데모데이 성료",NEUTRAL
93,뷰메진,"롯데벤처스, 9일 엘캠프 10기·부산 4기 데모데이 실시",NEUTRAL
94,뷰메진,"롯데벤처스, '엘캠프 10기·부산 4기 데모데이' 개최",NEUTRAL
95,스누아이랩,"노코드로코드 협의회, 박용규 아가도스 대표 부회장 선임",NEUTRAL
96,스누아이랩,"효성인포메이션시스템-스누아이랩, AI 저변 확대 협력",NEUTRAL
97,스누아이랩,"효성인포메이션시스템-스누아이랩, 비전 AI 시장 공략 MOU 체결",NEUTRAL
98,스누아이랩,"효성인포-스누아이랩, 비전AI 시장 공략 `맞손`",NEUTRAL
99,스누아이랩,"효성인포메이션시스템-스누아이랩, AI/ML·HPC 사업 협력",NEUTRAL
100,알체라,"""기술 좋긴 한데""…챗GPT 테마주 '과열주의보'",NEGATIVE
101,알체라,"""적자 기업이 시총 수천억이라니""…올들어 4배 폭등한 종목",POSITIVE
102,알체라,"빅테크 주가 챗봇따라 희비 MS 승승장구, 바이두 불똥",NEGATIVE
103,알체라,구글 챗봇 ‘바드’ 오답 논란에 AI 관련주 ‘휘청’....한국 빅테크 눈돌려볼까,NEGATIVE
104,알체라,[어제장 오늘장] 기업 어떻게 선별해야 할까?…'AI 골드러시',NEUTRAL
105,코어라인소프트,"코어라인소프트, 프랑스 빠그병원에 AI흉부진단 솔루션 공급 계약",NEUTRAL
106,코어라인소프트,"코어라인소프트 ""프랑스 최대 사립병원 그룹에 AI 진단 솔루션 공급""",NEUTRAL
107,코어라인소프트,"코어라인소프트, 프랑스 최대 사립병원 그룹에 AI 진단솔루션 공급",NEUTRAL
108,코어라인소프트,"코어라인소프트, 프랑스 최대 사립병원 그룹에 AI 진단 솔루션 공급",NEUTRAL
109,코어라인소프트,"코어라인, 美 대학 병원에 AI 영상분석 솔루션 공급",NEUTRAL
110,뉴로핏,"윌로그, 서일이앤엠㈜과 일본 대기업에 자사솔루션 제공을 위한 MOU 체결",NEUTRAL
111,뉴로핏,글로벌 치매 신약 나온다…진단업체 기대감 확산,POSITIVE
112,뉴로핏,"뉴로핏, 日 크레아보와 독점적 제휴...뇌질환 AI 일본 공략",NEUTRAL
113,뉴로핏,"뉴로핏, 뇌신경 퇴화 영상 분석 S/W  '뉴로핏 아쿠아' 일본 론칭",NEUTRAL
114,뉴로핏,"뉴로핏, 日 유통사와 '뉴로핏 아쿠아' 판매 제휴 계약",NEUTRAL
115,오드컨셉,"이영상 KASDI 회장 “클라우드 시대에 중소·벤처·소상공인, DX세계 이끄는 등대 역할” 최선",NEUTRAL
116,오드컨셉,"메타랩스 자회사 테크랩스, 이마트24와 점신 계묘년 새해맞이 한정 상품 출시",NEUTRAL
117,오드컨셉,AI로 스타일 추천부터 고객상담까지…D2C 돕는 스타트업 봇물,NEUTRAL
118,오드컨셉,"""내가 성공할 상인가""…'AI 운세' 플랫폼 뜬다",NEUTRAL
119,오드컨셉,"테크랩스 점신, 한정판 순금 부적 완판…커머스 비즈니스 강화",NEUTRAL
120,몰로코,"[마켓인]미래에셋벤처, AI반도체 투자 선점…‘챗GPT’ 열풍 속 기대감↑",POSITIVE
121,몰로코,'사상 최대 이익' 이통 3사 두고 정부가 '제4이통' 찾는 까닭 [이상은의 IT 산책],POSITIVE
122,몰로코,"오늘의집, 밸런타인데이 기획전…""최대 59% 할인해요""[중기소식]",NEUTRAL
123,몰로코,"몰로코, '체스 그랜드마스터' 탈 샤케드 머신러닝 총괄로 영입",NEUTRAL
124,몰로코,"몰로코, 초대 머신러닝 총괄로 탈 샤케드 영입",NEUTRAL
125,모빌테크,"대전시, 한밭대학교에 공간정보 미래인재 육성을 위한 측량장비 기증",NEUTRAL
126,모빌테크,"한밭대, 대전시로부터 지적측량장비 기증받다",NEUTRAL
127,모빌테크,"한밭대, 드론·지적측량 기술 공유하고 측량장비 수증",NEUTRAL
128,모빌테크,메타버스에 가구당 월 8만원 … 시장 선점 노리는 韓기업,NEUTRAL
129,모빌테크,"3D로 전장 재현, 총소리로 적 감지…'안보 지킴이' 된 스타트업",POSITIVE
130,오브젠,"IPO 대어 울고, 중소형株 웃고…'공모주 양극화' 언제까지",NEGATIVE
131,오브젠,'IPO 대어' 연이은 철회에 희비 엇갈리는 주관사...중소형 IPO 부각,NEGATIVE
132,오브젠,6개 기업 연속 '따상'...'AI 보안' 샌즈랩 코스닥 데뷔,POSITIVE
133,오브젠,중소형주는 ‘따상’ vs 대형주는 ‘철회’…IPO 투자는 아직?,NEGATIVE
134,오브젠,공모주 시장 ‘양극화’ …중소형주만 ‘따상’ 열풍,POSITIVE
135,업스테이지,대세라고 열광하더니...욕설 내뱉고 오답 쏟아낸 ‘이것’,NEGATIVE
136,업스테이지,"7년 만에 돌아온 AI 모멘트, K-인공지능 슈퍼스타는…",POSITIVE
137,업스테이지,"""생각보다 오류 많네""… 갈길 먼 생성형AI",NEGATIVE
138,업스테이지,‘1년 365일 24시간’ 이미 AI와의 동거...챗GPT로 더 끈끈해진다[AI 스토밍 ②],NEUTRAL
139,업스테이지,생성형 AI는 대체재 아니라 보완재… AI 스스로 다 못한다,NEUTRAL
140,니어스랩,"자율주행 드론 스타트업 니어스랩, 신보 '프리아이콘' 선정",POSITIVE
141,니어스랩,"'드론 솔루션' 니어스랩, 신보 프리아이콘 선정…3년 50억 보증",NEUTRAL
142,니어스랩,"니어스랩, 신보 '프리아이콘' 선정…3년간 50억원 보증",POSITIVE
143,니어스랩,"니어스랩, 신보 '프리아이콘' 선정…3년간 50억 보증",POSITIVE
144,니어스랩,마스크 벗자 뜬 '이것'...K-유니콘 역대 최다 [Geeks' Briefing],POSITIVE
145,클레온,"'스타 가상인간' 만든다…클레온, 이엘파크매니지먼트와 맞손",NEUTRAL
146,클레온,"개미 돌격에 125%, 230%, 620% '폭등'…챗봇 '망신' 극복할까",NEUTRAL
147,클레온,"""챗GPT 게섰거라""…생성 AI로 신시장 개척하는 K-스타트업",POSITIVE
148,클레온,'블랙핑크' '뉴진스'까지 다 섭렵한 그녀...이젠 회사 취직한다는데,NEUTRAL
149,클레온,[쫌아는기자들] 메타가 클레온과 비밀 실험 프로젝트(NPE)을 한 이유,NEUTRAL
150,라이드플럭스,렌터카 아닌 기술기업 쏘카…'AI+데이터 드라이브'로 첫 연간 흑자 쾌거,POSITIVE
151,라이드플럭스,"쏘카, 작년 영업이익 94억…첫 흑자",POSITIVE
152,라이드플럭스,"""차량 호출하니 로보택시가 왔다"" 국내 4개 도시 자율주행 서비스 타봤더니 [CarTalk]",NEUTRAL
153,라이드플럭스,자율주행 스타트업이 바라본 CES2023와 K-모빌리티,NEUTRAL
154,라이드플럭스,“360억 펀드로 콘텐츠IP 관광 키운다”..스마트스터디벤처스,POSITIVE
155,디사일로,"[게시판] 네이버 투자받은 디사일로, 하나은행 데이터플랫폼 개발",NEUTRAL
156,디사일로,"디사일로, 하나은행에 개인정보 보호 강화한 데이터 플랫폼 제공",NEUTRAL
157,디사일로,창업자 지원 잘하는 기업은 카카오·네이버·삼성…정부는 62.1점,POSITIVE
158,디사일로,"KISIA, 정보보호 성장기업 도약 네트워킹 행사 개최",NEUTRAL
159,디사일로,"'암호 풀지 않고 데이터 분석'…K-스타트업, 동형암호 기술 주도",POSITIVE
160,마키나락스,직방·토스·런드리고 투자사 대주주로 변신한 조현식 고문,NEUTRAL
161,마키나락스,"LG, 글로벌 AI 스타트업 13곳 490억원 투자… AI 경쟁력 강화",NEUTRAL
162,마키나락스,"[ET단상]불확실성의 시대, AI도 속도전이다",NEUTRAL
163,마키나락스,"""우리가 하고 싶은 AI는 ‘X to Real’입니다""",NEUTRAL
164,마키나락스,"에르메스 버킨백 NFT, 상표권 침해일까?",NEUTRAL
165,딥바이오,"푸마, '푸마XP.A.M.' 콜라보 컬렉션 출시",NEUTRAL
166,딥바이오,"'AI로 암 진단' 딥바이오, 개인정보 관련 국제정보보호 인증 획득",POSITIVE
167,딥바이오,"딥바이오, 국제표준 정보보안 인증 'ISO 27001' 획득",POSITIVE
168,딥바이오,"""D·N·A로 사회적 가치 실현""…제3회 소셜DNA혁신상 공모",POSITIVE
169,딥바이오,"AI진단업계 선두주자 루닛 vs 뷰노, 최후승자는",POSITIVE
170,알세미,"산은, 반도체 스타트업 투자 확대…""기술패권 경쟁 지원""",NEUTRAL
171,알세미,반도체 지원 늘린다…무역금융 우대에 스타트업 투자↑,POSITIVE
172,알세미,"산은, '경제 재도약 1호 프로젝트' 반도체 스타트업 지원 강화",NEUTRAL
173,알세미,"산은, 반도체 스타트업 투자 확대…""경제 재도약 지원""",NEUTRAL
174,알세미,반도체 패권 '더 작게'→'자동화' 흐름…알세미의 도전장,POSITIVE
175,임프리메드,"[대구 청년, 실리콘밸리를 만나다] 한인 창업가 '초기 전략' 특강",NEUTRAL
176,임프리메드,"“바이오산업 미래, 전주에서 해법 찾는다” 세계 포럼 열려",NEUTRAL
177,임프리메드,"전주시, '세계 바이오 혁신 포럼' 개최…디지털 치료제 등 3개 주제",NEUTRAL
178,임프리메드,"[쫌아는기자들] 미국 진출하려는 스타트업에게, 프라이머사제 이기하의 ‘뻔하지만 쉽지않은 조언’",NEUTRAL
179,임프리메드,“강아지서 효과 봤다”... 암치료 가능성 높이는 두 스탠퍼드대 박사,POSITIVE
180,커먼컴퓨터,"한국경제신문·오프너디오씨,'Connect to Code(C2C)' 개최",NEUTRAL
181,커먼컴퓨터,양방향 네트워킹이 가능한 IT 컨퍼런스 '2022 Connect to Code' 개최,NEUTRAL
182,커먼컴퓨터,"'최대 40.5억 투자' 제11회 청년기업가대회, 심사위원 15인 누구",NEUTRAL
183,커먼컴퓨터,"""요즘은 스타트업에 빠르게 수익성 달성을 요구""",NEUTRAL
184,커먼컴퓨터,"""SW중심대학(소중대), 디지털 인재 양성 요람""",POSITIVE
185,수호아이오,"""미친 사람만 오세요""…'몸값 2000억' 8명 남자들의 정체 [긱스]",NEUTRAL
186,수호아이오,[게임인사이드]'코인 유동화'에 가려진 '위메이드의 1년',NEUTRAL
187,수호아이오,"위메이드, 1년간 '위믹스' 1억800만개 처분해 2271억원 현금화",NEUTRAL
188,수호아이오,"위메이드 ""클레바 사고는 해킹 아닌 테스트 오류""",NEUTRAL
189,수호아이오,"[Best 창업허브대학] 4년 만에 1099개 창업팀 발굴···서울캠퍼스타운, 창업 전진기지로 우뚝",POSITIVE
190,토르드라이브,“어려워도 쓸 땐 쓴다”...네카오가 수백억 들고 찾아간 곳,NEUTRAL
191,토르드라이브,"네이버는 리셀, 카카오는 모빌리티 꽂혔다",NEUTRAL
192,토르드라이브,‘제2 중동 붐 기대’ 사우디 네옴시티 잡아라 [다시 뛰는 K-건설②],POSITIVE
193,토르드라이브,국내 기업이 제작한 UAM 김포서 뜬다…23일 비행 시연 진행,NEUTRAL
194,토르드라이브,韓 스타트업 탐내는 사우디 정부…블록체인·디지털트윈에 '눈독' [김은정의 클릭 사우디④],NEUTRAL
195,에어스메디컬,안랩 '꾸준한 우상향' 실적 이끈 '안랩표 클라우드'는 무엇?,POSITIVE
196,에어스메디컬,김종갑 본투글로벌센터장 “10년 안에 글로벌 유니콘 기업 100개 키울 것”,NEUTRAL
197,에어스메디컬,김종갑 본투글로벌센터장 “10년 내 글로벌 유니콘 기업 100개 키울 것”,NEUTRAL
198,에어스메디컬,"""10년내 글로벌 유니콘 100개 육성""…본투글로벌센터의 전략은",NEUTRAL
199,에어스메디컬,"본투글로벌, “글로벌 비즈니스 기회 발굴, 10년 안에 글로벌 유니콘 기업 100개 키울 것”",POSITIVE
200,딥핑소스,"""피클만 5000원인데"" 고든램지 피자 '가성비 전략' 맞아?",NEUTRAL
201,딥핑소스,"""헬스·육아도 생각 바꾸면 핀테크죠""",NEUTRAL
202,딥핑소스,"‘셰프표 스테이크부터 고가 샴페인까지’ 현대百, 고급 설 선물 판매",NEUTRAL
203,딥핑소스,데이터바우처 8997곳 지원… 중기성장 디딤돌,POSITIVE
204,딥핑소스,"'인텔이 증명한' 딥핑소스 ""책임감 있는 AI, 안전한 데이터 만든다""",POSITIVE
205,시어스랩,지능정보산업협회 장홍성 회장 연임,NEUTRAL
206,시어스랩,노마스크 시대…주요국 ‘백신 접종 정례화’ 후속 보도를,NEUTRAL
207,시어스랩,서울대 AI CEO 1기생들 베트남으로 산학연수,NEUTRAL
208,시어스랩,한국형 메타버스 산업육성법 마련 속도내는 국회,NEUTRAL
209,시어스랩,"""메타버스 산업진흥법, 입법 속도가 생명""",NEUTRAL
210,제네시스랩,"IAAE-제네시스랩-더에이아이, AI 및 AI윤리에 관한 사업 협력 MOU 체결",NEUTRAL
211,제네시스랩,"제네시스랩, AI 윤리가이드 제정 앞장선다…국제인공지능&amp;윤리협회 등과 ‘AI윤리에 관한 MOU’ 체결",NEUTRAL
212,제네시스랩,"제네시스랩, AI윤리 가이드라인 제정에 힘 보탠다",NEUTRAL
213,제네시스랩,"명문대 자소서, 박사 논문 몇초면 '뚝딱'...""누구냐 너"" 전세계 발칵",NEUTRAL
214,제네시스랩,"""챗GPT, A키로 노래 하나 작곡해줘""..일상 파고든 챗GPT",NEUTRAL
215,매스프레소,"[마켓인]미래에셋벤처, AI반도체 투자 선점…‘챗GPT’ 열풍 속 기대감↑",POSITIVE
216,매스프레소,[실험실 창업] 팀 쿡이 공교육 필수교과로 '코딩' 추천한 까닭,NEUTRAL
217,매스프레소,투자 한 푼 안 받고 수백억 매출…'잭팟' 터진 스타트업,POSITIVE
218,매스프레소,식지 않는 AI 열풍… AI기업 창투사 주가도 급등,POSITIVE
219,매스프레소,"""투자 유치 0원, 매출 570억원""…이 스타트업들이 수익낸 비결",POSITIVE
220,휴톰,"AI가 인공호흡기 조작하고, 위암 수술 집도…“이게 K-헬스케어의 미래”",NEUTRAL
221,휴톰,"대세 'AI' 흐름탄 루닛 ""올해에도 작년처럼 성장할 것""",POSITIVE
222,휴톰,"[fn마켓워치]IMM인베, 12개 디지털헬스케어 포트폴리오사 협력 강화",NEUTRAL
223,휴톰,"환자마다 다른 혈관 모양, 3D로 미리 다 보고 수술… “완벽한 회복 돕는다”[허진석의 톡톡 스타트업]",POSITIVE
224,휴톰,3D로 혈관 분포 보며 ‘수술 리허설’… “외과수술 자동화의 길 개척”[허진석의 ‘톡톡 스타트업’],POSITIVE
225,네오사피엔스,"개미 돌격에 125%, 230%, 620% '폭등'…챗봇 '망신' 극복할까",NEUTRAL
226,네오사피엔스,"""챗GPT 게섰거라""…생성 AI로 신시장 개척하는 K-스타트업",POSITIVE
227,네오사피엔스,'디자인 베끼기 논란' 비상교육 vs 슬링…표절 공방 격화,NEUTRAL
228,네오사피엔스,"[생성 AI시대, 우리는]〈2〉""한국형 챗GPT"" 대기업·스타트업 무한도전",NEUTRAL
229,네오사피엔스,"""진짜 피팅모델·성우 아냐?""…일상 파고든 AI, 인간과 경쟁 시작됐다",NEUTRAL
230,마이셀럽스,[마이무비] 인공지능이 취향 분석한 영화 '정이' 톺아보기,NEUTRAL
231,마이셀럽스,"
			뉴진스·태양·투바투… 1월 써클차트 날았다
		",POSITIVE
232,마이셀럽스,"
			방탄소년단(BTS) 진, '트라이앵글 백'이 잘 어울리는 스타 투표 1위
		",POSITIVE
233,마이셀럽스,"
			방탄소년단(BTS) 지민, 점퍼가 잘 어울리는 스타 투표 1위
		",POSITIVE
234,마이셀럽스,"
			방탄소년단 지민, 점퍼가 가장 잘 어울리는 스타 1위
		",POSITIVE
235,모빌린트,[이재모의 기업탐방] 세뱃돈 모아 애플 살까…국내 수혜주부터 주목?,NEUTRAL
236,모빌린트,"비전공자도 AI 분야 인재로… KT, '에이블스쿨' 2기 잡페어",NEUTRAL
237,모빌린트,"KT, '실무형 AI인재'로 채용 한파 뚫는다",NEUTRAL
238,모빌린트,"KT, 청년 디지털 인재 잡페어 개최",NEUTRAL
239,모빌린트,"KT, 청년 디지털 인재 잡페어 열어",NEUTRAL
240,룰루랩,"맞춤형 화장품, 'AI·비스포크' 만나자 연평균 40%↑ [IPO프리보드]",POSITIVE
241,룰루랩,목소리만 듣고도… AI가 치매·우울증·천식 진단한다,NEUTRAL
242,룰루랩,"바노바기 코스메틱, '온앤더뷰티 롯데월드타워점' 입점",NEUTRAL
243,룰루랩,“AI로 피부 건강검진 시대 연다”…한컴케어링크-룰루랩 협업 사업은?,NEUTRAL
244,룰루랩,"룰루랩-한컴케어링크, '디지털 헬스케어' 업무협약 체결",NEUTRAL
245,스타일봇,"비전공자도 AI 분야 인재로… KT, '에이블스쿨' 2기 잡페어",NEUTRAL
246,스타일봇,"KT, '실무형 AI인재'로 채용 한파 뚫는다",NEUTRAL
247,스타일봇,"KT, 청년 디지털 인재 잡페어 개최",NEUTRAL
248,스타일봇,"KT, AI 인재양성 '에이블스쿨' 2기 대상 잡페어 개최",NEUTRAL
249,스타일봇,"""경력같은 신입""…AI·DX 인력난 해결사된 'KT에이블스쿨'",POSITIVE
250,마인즈랩,"7년 만에 돌아온 AI 모멘트, K-인공지능 슈퍼스타는…",POSITIVE
251,마인즈랩,[주식 초고수는 지금] 테슬라 급등에 2차전지株 매수세 집중,POSITIVE
252,마인즈랩,"""적자 기업이 시총 수천억이라니""…올들어 4배 폭등한 종목",POSITIVE
253,마인즈랩,"""챗GPT 활용 경연대회""…엔피프틴-마인즈랩, 해커톤 개최",NEUTRAL
254,마인즈랩,"""챗GPT·구글 BARD 마음대로 조립""…한국형 AI 종합플랫폼 4월 공개",NEUTRAL
255,아토리서치,AI혁신허브 데이터센터 고대에 개소···초일류 AI연구 12개 지원,POSITIVE
256,아토리서치,"아토리서치, 고려대 ‘AI 혁신 K-Hub 데이터센터 구축’ 사업 수주 알려",POSITIVE
257,아토리서치,"[주간 클라우드 동향/12월④] 대중의 신뢰 확보, 클라우드 산업계의 숙제",NEUTRAL
258,아토리서치,"아토리서치, 네이버클라우드와 손잡고 세종시 대민 서비스 클라우드 전환 추진",NEUTRAL
259,아토리서치,"아토리서치-네이버클라우드, 세종市 대민 서비스 클라우드 태운다",NEUTRAL
260,플리토,"7년 만에 돌아온 AI 모멘트, K-인공지능 슈퍼스타는…",POSITIVE
261,플리토,기업용 번역 플랫폼 '플리토 엔터프라이즈' 기능 추가,NEUTRAL
262,플리토,"기업 번역 관리 플랫폼, ‘플리토 엔터프라이즈’ 업데이트 출시",NEUTRAL
263,플리토,급변하는 SM 경영권 분쟁…재빠르게 주가 시나리오 제시한 리포트,NEUTRAL
264,플리토,"""Nothing Ther Iz""…오타 내는 챗GPT, 왜?",NEUTRAL
265,셀렉트스타,"[쫌아는기자들] GPT 시대, AI 데이터 시장의 미래는? 셀렉트스타 김세엽",NEUTRAL
266,셀렉트스타,식지 않는 AI 열풍… AI기업 창투사 주가도 급등,POSITIVE
267,셀렉트스타,"""가트너도 우리 솔루션 보고 놀라···'다투모'로 AI용 데이터시장 선도""",POSITIVE
268,셀렉트스타,"이통3사 주축 ICT전문 펀드 ""향후 5년간 4000억원 신규 출자""",NEUTRAL
269,셀렉트스타,"국가대표 ICT 펀드 ‘KIF’, 5년 간 4천억원 신규 출자",POSITIVE
270,프렌들리에이아이,"[아!이뉴스] 법원, 연이어 P2E 게임 '불허'…韓 웹툰 세계로",NEUTRAL
271,프렌들리에이아이,"[데이터링]""챗GPT, 비용·저작권·윤리적 문제 있지만 가능성 커""",NEUTRAL
272,프렌들리에이아이,"산업·노동·예술 패러다임 뒤흔드는 '챗GPT', 100분만에 배운다",NEUTRAL
273,프렌들리에이아이,"[연중 기획 혁신창업의 길] 인공지능 챗봇 이루다, 이 스타트업 덕에 똑똑해졌다",POSITIVE
274,프렌들리에이아이,"인공지능 챗봇 이루다, 이 스타트업 덕에 똑똑해졌다",POSITIVE
275,애자일소다,보험설계도 AI 도입…최적상품·사기방지·맞춤진단 '척척',NEUTRAL
276,애자일소다,"애자일소다, 3년 연속 ‘AI+X TOP 100’ 기업 선정",POSITIVE
277,애자일소다,"세이션, '2022년 AI바우처 우수 수요기업' 선정",POSITIVE
278,애자일소다,"애자일소다, 에이직랜드와 AI기반 반도체 설계 최적화 MOU 교환",NEUTRAL
279,애자일소다,"에이직랜드·애자일소다, AI 반도체 설계 자동화 솔루션 개발 MOU",NEUTRAL
280,브이터치,인공지능 활용해 한우 계체량 실시간 측정,NEUTRAL
281,브이터치,"강원 횡성축협, 한우 계체량 측정시스템 개발 협약식",NEUTRAL
282,브이터치,횡성한우 계체량 측정 첨단 시스템 도입,NEUTRAL
283,브이터치,[영상] 외관 색 바뀌고 옆으로 가는 車…실내는 이보다 ‘상상 초월’ [CES 2023 리포트],NEUTRAL
284,브이터치,"[CES 2023]K-스타트업, 레벨3 자율주행 시장 '정조준'",POSITIVE
285,트웰브랩스,메타버스에 가구당 월 8만원 … 시장 선점 노리는 韓기업,NEUTRAL
286,트웰브랩스,"K-메타버스, CES서 세계시장 개척…과기정통부 ""적극 지원""",POSITIVE
287,트웰브랩스,"韓스타트업 XR 솔루션·AR글래스 ,CES 누비다…MOU 5건[CES 2023]",POSITIVE
288,트웰브랩스,[CES 2023] 메타버스 테크데이 개최한 과기정통부… “해외 진출 적극 지원”,NEUTRAL
289,트웰브랩스,한국 메타버스 기업과 글로벌 투자사 만났다…'메타버스 테크데이' 개최 [CES 2023],NEUTRAL
290,더화이트커뮤니케이션,"TWC, 기업 규모에 따른 맞춤형 BPO 신규 플랜 출시",NEUTRAL
291,더화이트커뮤니케이션,"[코리아ICT엑스포in재팬] 韓 ICT 기업, 'DX 기회의 땅' 일본에 사업화 깃발 꽂는다",POSITIVE
292,더화이트커뮤니케이션,"KOSA, ‘소프트웨이브2022’ 24개 회원사 특별관 구성",NEUTRAL
293,더화이트커뮤니케이션,"KOSA, 도쿄 ICT EXPO서 현지 진출 세미나 개최",NEUTRAL
294,더화이트커뮤니케이션,"[미리 보는 소프트웨이브 2022]〈3〉공동관, 특화기술로 승부",NEUTRAL
295,아이오크롭스,"배터와이·티씨엠에스 등 11社, 올해 경북 스타트업 혁신대상 수상",POSITIVE
296,아이오크롭스,"경북 11개 업체, 경북 스타트업 혁신대상 수상",POSITIVE
297,아이오크롭스,"경북도, '혁신 스타트업' 11곳 선정…매출·기술개발·수출 등 평가",POSITIVE
298,아이오크롭스,“죽어가는 화분 살리다 90억원 잭팟” 32살 ‘이 남자’ 무슨 일이,POSITIVE
299,아이오크롭스,"[fn마켓워치]DSC인베·CKD창투·쿼드벤처스, 애그테크 '아이오크롭스'에 베팅",NEUTRAL
300,모두의연구소,"미래엔 아이세움, '에그박사의 생물 이름 쓰기' 출간[중기소식]",NEUTRAL
301,모두의연구소,'고용 한파' 녹인다…기업·지자체는 '청년 취업 조력자',POSITIVE
302,모두의연구소,"취업 한파 녹이나...기업·지자체, 취준생 역량 확대 지원",NEUTRAL
303,모두의연구소,취업 한파 녹이는 ‘훈풍’…AI·유통 기업부터 지자체까지 발 벗고 나선다,POSITIVE
304,모두의연구소,이정식 고용장관 “시대 흐름 맞춰 변화토록 노동시장 개혁 완수”,NEUTRAL
305,마크비전,중소 브랜드 ‘표절 피해’ 막자…한국브랜드패션협회 출범,NEUTRAL
306,마크비전,한국브랜드패션협회 출범…“카피·도용 근절 위해 합심”,NEUTRAL
307,마크비전,"""짝퉁 물러가라"" 중소·신진 패션, 한국브랜드패션협회 설립",NEUTRAL
308,마크비전,"""'짝퉁' 뿌리뽑는다"" 중소·신진 패션 브랜드, '한국브랜드패션협회' 설립",NEUTRAL
309,마크비전,"""디자인 카피·도용 문제를 알린다"" 한국브랜드패션협회 설립",NEUTRAL
310,보이저엑스,보이저엑스 “갤럭시 스튜디오서 AI로 5분만에 고객 손글씨 폰트 제작”,NEUTRAL
311,보이저엑스,"갤S23으로 나만의 손글씨 만든다…보이저엑스, 이벤트 진행",NEUTRAL
312,보이저엑스,IT공룡 챗GPT 대전에…게임업계도 ‘대화형 AI 전쟁’ 벌어질까,NEUTRAL
313,보이저엑스,"물어보면 대답 척척…챗GPT, 구글링 저리 가라",NEUTRAL
314,보이저엑스,“구글 검색의 시대 끝났다”,NEUTRAL
315,지란지교시큐리티,"지란지교시큐리티, 지난해 영업익 19억…전년비 2476.5% ↑",POSITIVE
316,지란지교시큐리티,"34년째 인구 순유출 부산, 이 거리서 청년유입 대반전 노린다",NEGATIVE
317,지란지교시큐리티,"지란지교, '판교 시대' 오픈…제2테크노밸리로 신사옥 이전",NEUTRAL
318,지란지교시큐리티,"지란지교그룹, 제2테크노밸리로 신사옥 이전",NEUTRAL
319,지란지교시큐리티,"지란지교그룹, '판교 시대' 연다…제2테크노밸리로 신사옥 이전",NEUTRAL
320,솔루게이트,"솔루게이트, AI 스피커 개인화 서비스 미국특허 등록",POSITIVE
321,솔루게이트,솔루게이트 AI 스피커 개인화 서비스 미국특허 등록,POSITIVE
322,솔루게이트,"모노커뮤니케이션즈-솔루게이트, 기술·서비스 업무 협약",NEUTRAL
323,솔루게이트,"모노커뮤니케이션즈-솔루게이트, 기술·서비스 업무협약 체결",NEUTRAL
324,솔루게이트,"솔루게이트, 가상상담서비스 실용화 위한 특허 획득",POSITIVE
325,아이딕션,"""국가대표 AI 기업 되겠다""…100대 스타트업 대표의 출사표",NEUTRAL
326,아이딕션,[카드뉴스] 대한민국 2022 AI 스타트업 트렌드 :어떤 기술이 주목받고 있을까,NEUTRAL
327,아이딕션,'식품·리빙부터 명품까지' 투자 보폭 넓히는 CJ온스타일,NEUTRAL
328,아이딕션,"CJ온스타일, 우수 중소기업 협력사 10곳 연구개발비 지원",NEUTRAL
329,아이딕션,"CJ온스타일, 중소협력사 10곳에 R&amp;D 비용 3억원 지원",NEUTRAL
330,에이모,"지능정보산업협회, 아크릴·소이넷·에이모 등 'AI 톱100' 선정",POSITIVE
331,에이모,"에이모, 5년 연속 데이터바우처 지원사업 공급기업 선정",POSITIVE
332,에이모,None,NEUTRAL
333,에이모,"[CES 2023]K-스타트업, 레벨3 자율주행 시장 '정조준'",POSITIVE
334,에이모,"기업의 AI 학습 데이터 가공 능력↑…에이모, SaaS 솔루션 출시",POSITIVE
335,서울로보틱스,"[쫌아는기자들] TSMC 해부, 유니콘 창업자 추천책, 챗GPT, 빅테크 해고바람, 90년대 창업자들, 일본 스타트업의 CES 도전",NEUTRAL
336,서울로보틱스,"""옥석 가려졌다""…증권사 '큰 손' 모객 나선 VC",NEUTRAL
337,서울로보틱스,‘투자 겨울’ 이겨낸 스타트업 “자금절약-투명공개로 신뢰 얻었다”,POSITIVE
338,서울로보틱스,자율주행 스타트업이 바라본 CES2023와 K-모빌리티,NEUTRAL
339,서울로보틱스,"CES에서 확인된 SW파워, 모빌리티 산업 주도권 경쟁 '가속'",POSITIVE
340,더웨이브톡,수백만원대 수질측정기 싸고 작게 만들어 가정-산업계에 깨끗함 선물[허진석의 ‘톡톡 스타트업’],POSITIVE
341,더웨이브톡,"네카오가 점찍은 스타트업, 'CES 2023' 출격",NEUTRAL
342,더웨이브톡,네이버가 콕 찍은 스타트업...CES 2023 출격,NEUTRAL
343,더웨이브톡,CES2023 혁신상 연속 선정된 K스타트업 키워드는 '건강',POSITIVE
344,더웨이브톡,"삼성·LG, CES 혁신상 휩쓸어",POSITIVE
345,히츠,"“바이오 혁신기술 소개”…베스티안재단, AI 세미나 개최",NEUTRAL
346,히츠,다시 불붙는 전자담배 경쟁,NEUTRAL
347,히츠,“청소 없이 연속 20번 사용 가능”,POSITIVE
348,히츠,‘궐련형 전자담배’ 시장 1위 잡겠다…한국필립모리스의 ‘승부수’,POSITIVE
349,히츠,"전자담배 시장 '왕좌' 내준 KT&amp;G…필립모리스 ""올해 초부터 점유율 1위 유지""",NEUTRAL
350,딥엑스,[삼성파운드리③] TSMC 마인드 배운다…'한국판 미디어텍' 육성 도전,NEUTRAL
351,딥엑스,"""좋은 한국 스타트업 많다…투자계약서 좀 더 표준화됐으면""",NEUTRAL
352,딥엑스,"112兆 시장 AI 반도체 선점 전쟁… 네이버·SKT·KT, 투자 ‘속도’",POSITIVE
353,딥엑스,"정부, 초고속·저전력 AI 반도체 개발 8262억 투자",NEUTRAL
354,딥엑스,"정부, AI반도체 국산화율 80% 달성 목표…2030년까지 1조원 투자",NEUTRAL
355,스탠다임,"“바이오 혁신기술 소개”…베스티안재단, AI 세미나 개최",NEUTRAL
356,스탠다임,외부서 파악힘든 AI 신약개발기업 실상...알짜 기업은,NEUTRAL
357,스탠다임,1600조 거대 시장 전진기지 K-제약바이오 ‘글로벌 오픈 이노베이션’,POSITIVE
358,스탠다임,"""항체 신약 개발, AI 힘 빌리면 금방 해낼수 있죠""",POSITIVE
359,스탠다임,"인공지능 신약 개발, 지금 주목해야 하는 이유는 [신약 단축키 AI]①",NEUTRAL
360,신스타프리젠츠,"운전하는 동안 로봇이 요리…""갓 완성된 음식 배달왔습니다""",NEUTRAL
361,신스타프리젠츠,"2022 외식문화선진화캠페인, 메타버스 플랫폼서 '푸드테크' 선봬",NEUTRAL
362,신스타프리젠츠,[카드뉴스] 대한민국 2022 AI 스타트업 트렌드 :어떤 기술이 주목받고 있을까,NEUTRAL
363,신스타프리젠츠,2022년 7월 프랜차이즈 정보공개서 신규등록 148개 명단공개,NEUTRAL
364,신스타프리젠츠,제52회 IFS프랜차이즈서울 창업박람회 참가업체는 어디?,NEUTRAL
365,원프레딕트,[기고]디지털 전환에 따른 설비 예지보전 최적화 솔루션 가이드,NEUTRAL
366,원프레딕트,직장인 행복도 1위 기업은 구글코리아…2위는? [Geeks' Briefing],NEUTRAL
367,원프레딕트,"원프레딕트, 미국에 법인 설립···현지 전문가 COO로",NEUTRAL
368,원프레딕트,세이프텍리서치 등 8개 기업 신규 혁신제품 지정...공공기관 판로 지원,POSITIVE
369,원프레딕트,"원프레딕트, 글로벌 진출 가속화…미국 현지 법인 설립",POSITIVE
370,클라썸,"클라썸, 서울시교육청과 MOU…AI기술, 공교육 현장에",NEUTRAL
371,클라썸,"공교육 혁신 나선 스타트업…클라썸·서울시교육청, AI 교육 고도화",NEUTRAL
372,클라썸,상품 URL 1개→배너이미지 수천개…1~2분이면 '뚝딱'[중기소식],NEUTRAL
373,클라썸,"클라썸, 서울시교육청과 업무협약...디지털 학습 환경 지원",NEUTRAL
374,클라썸,"교실 현장에 파고드는 AI 기술…""알아서 질문 추천""",NEUTRAL
375,수퍼빈,"김제시, 인공지능기반 투명페트병 무인회수기 6일부터 운영",NEUTRAL
376,수퍼빈,'투명페트병 10원에 삽니다'…김제시 무인회수기 운영,NEUTRAL
377,수퍼빈,"특구재단, 딥테크 창업 준비중인 출연연 연구자들 위한 강연 마련",NEUTRAL
378,수퍼빈,"목포시, 인공지능 투명페트병 무인 회수기 운영",NEUTRAL
379,수퍼빈,투명 페트병 모으면 현금 보상 … 수퍼빈 ‘수퍼모아’ 서비스 주목,NEUTRAL
380,스켈터랩스,"7년 만에 돌아온 AI 모멘트, K-인공지능 슈퍼스타는…",POSITIVE
381,스켈터랩스,"오늘의집, '오시즌위크'…10만개 상품 최대 89% 할인[중기소식]",NEUTRAL
382,스켈터랩스,"[스폐셜리포트]""첫 한국형 챗GPT"" 신경전...""수익 모델 확보"" 속도전",NEUTRAL
383,스켈터랩스,"스켈터랩스, 연애 테크기업 럽디와 전략적 MOU 체결...“데이터 역량 강화 및 대화형 AI 기술력 고도화”",NEUTRAL
384,스켈터랩스,"개미 돌격에 125%, 230%, 620% '폭등'…챗봇 '망신' 극복할까",NEUTRAL
385,슈퍼브에이아이,"슈퍼브에이아이, 'AI·데이터 바우처' 공급기업 선정",POSITIVE
386,슈퍼브에이아이,데이터 산업 총 망라… 2022 데이터 톡톡 페스티벌' 성료,NEUTRAL
387,슈퍼브에이아이,올해 1억6400만 번 '당근'했다…속옷 사이즈 추천 스타트업 투자 유치 [Geeks' Briefing],NEUTRAL
388,슈퍼브에이아이,"""기술 스타트업 네트워킹의 場으로… SBA가 마중물 되겠다""",NEUTRAL
389,슈퍼브에이아이,기술기반 스타트업 네트워킹 장 '서울 테크밋업' 출범,NEUTRAL
390,팜캐드,"“바이오 혁신기술 소개”…베스티안재단, AI 세미나 개최",NEUTRAL
391,팜캐드,외부서 파악힘든 AI 신약개발기업 실상...알짜 기업은,NEUTRAL
392,팜캐드,1600조 거대 시장 전진기지 K-제약바이오 ‘글로벌 오픈 이노베이션’,POSITIVE
393,팜캐드,"팜캐드, 美 바이오텍쇼케이스·레시 참가…기술현황 발표",NEUTRAL
394,팜캐드,세계 최초 바이오마커-CJ도 반한 배지기술에 쏠린 투심,NEUTRAL
395,토모큐브,"尹 ""대전은 지방 시대의 모범""…혁신기업 지원 약속",POSITIVE
396,토모큐브,"대전서 혁신 기업인들 만난 尹 ""힘껏 지원하겠다""(종합2보)",NEUTRAL
397,토모큐브,"尹 ""카이스트 창업사, 책으로 발간하자""…혁신기업 지원 약속(종합)",NEUTRAL
398,토모큐브,"尹대통령 “창업기업 지원, 연구자·법률가·회계사 함께 해야”",NEUTRAL
399,토모큐브,"尹 ""정부가 혁신 허브 지향해야 기업도 세계 기업 뛰어넘어""(종합)",POSITIVE
400,메디픽셀,[국민의 기업] 총 889개 스타트업 참여 …  우수 모델 60개 업체 최종 선정,NEUTRAL
401,메디픽셀,생선을 3D프린터로 찍어낸다고? 스타트업 국내 첫 개발,NEUTRAL
402,메디픽셀,"생선을 3D프린터로 찍었다…국내 첫 개발 ""식탁에도 올릴 것""",POSITIVE
403,메디픽셀,"한국벤처투자, 엔젤투자 매칭펀드 투자상담회 개최",NEUTRAL
404,메디픽셀,"한국벤처투자, 내일부터 '엔젤투자 매칭펀드' 투자 상담회",NEUTRAL
405,튜링,인간보다 인간다운 인공지능…챗GPT발 AI 혁신[AI 스토밍],POSITIVE
406,튜링,[정구학 칼럼] 데카르트와 인공지능 챗GPT,NEUTRAL
407,튜링,[강석기의 과학풍경] 앨런 튜링과 지문의 비밀,NEUTRAL
408,튜링,‘튜링테스트’는 넘어섰다...인공지능 ‘특이점’ 돌파 언제쯤[AI 스토밍①],POSITIVE
409,튜링,세상을 바꾸는 AI혁명… 그 뒤에는 유대인 천재 4명 있다,POSITIVE
410,액션파워,"액션파워, ‘2022 AI 스타트업 100’ 2년 연속 선정",POSITIVE
411,액션파워,"AI 기술 스타트업 액션파워, '2022 AI 스타트업 100' 2년 연속 선정",POSITIVE
412,액션파워,"AI 받아쓰기 정확도 95% 올린 액션파워 ""다음은 동영상""",POSITIVE
413,액션파워,사람 같은 AI 만드는 '자연어처리' 기술…어떤 스타트업이 이끄나 [긱스],NEUTRAL
414,액션파워,'자연어처리' 시장 급성장…튜닙 등 국내 스타트업이 혁신 주도,POSITIVE
415,쓰리빌리언,중동 노리는 K-바이오…메디톡스·쓰리빌리언 “UAE서 사업 모색”,POSITIVE
416,쓰리빌리언,대통령 순방에 동행하는 바이오기업 몇 곳?,NEUTRAL
417,쓰리빌리언,"尹대통령 첫 경제사절단, 이재용·정의선 등 100명",NEUTRAL
418,쓰리빌리언,"오아시스·케이뱅크, IPO ‘방향타’…바이오 ‘재도전’  [IPO 프리보드]",NEUTRAL
419,쓰리빌리언,"꽁꽁 언 IPO시장, 올해 도전하는 K바이오는 어디?",NEUTRAL
420,알티엠,"산업부, 기술사업화 연구개발 중소기업 모집",NEUTRAL
421,알티엠,"산업부, 기술사업화 연구개발 중소기업 모집…300억 지원",NEUTRAL
422,알티엠,"정부, 중소·중견기업 신사업 R&amp;D지원 개시…""수출 확대 돕는다""",POSITIVE
423,알티엠,"산업부, 제조中企 신사업 지원사업 통해 430억원 민간 투자유치",NEUTRAL
424,알티엠,민간투자 연계 R&amp;D지원사업 성과↑,POSITIVE
425,어반베이스,"마그나, 쉐보레 전기 픽업트럭 배터리 케이스 사업 수주[중기소식]",NEUTRAL
426,어반베이스,"어반베이스, '토털 인테리어 컨설팅' 공개…맞춤형 서비스",NEUTRAL
427,어반베이스,"BM 고도화·서비스 유료화...스타트업, 생존전략 다시 짠다",NEUTRAL
428,어반베이스,"홈인테리어에 꽂힌 건축가…""당신의 상상을 3D로 구현""[인터뷰]",NEUTRAL
429,어반베이스,대기업도 사로잡은 프롭테크 스타트업 어디?,POSITIVE
430,아이지넷,"아이지넷 `보닥`, 누적중개액 3000억원 달성",POSITIVE
431,아이지넷,"아이지넷, 지난해 보험중개액 1600억원 돌파…누적 3000억원 달성",POSITIVE
432,아이지넷,"인슈어테크 아이지넷, 지난해 1600억 중개…누적 3000억 달성",POSITIVE
433,아이지넷,"아이지넷, 누적중개액 3000억원…지난해만 1600억 달성",POSITIVE
434,아이지넷,"아이지넷, '보닥' 연말 퀴즈 이벤트 진행",NEUTRAL
435,리플에이아이,"""경력같은 신입""…AI·DX 인력난 해결사된 'KT에이블스쿨'",POSITIVE
436,리플에이아이,"'취업률 80%' KT 에이블스쿨, 수료생 대상 잡페어 개최",POSITIVE
437,리플에이아이,리플에이아이 '2022 코리아 AI 스타트업 100' 선정,POSITIVE
438,리플에이아이,"카카오벤처스, 올해 43개 스타트업에 337억원 투자",NEUTRAL
439,넷타겟,"“바이오 혁신기술 소개”…베스티안재단, AI 세미나 개최",NEUTRAL
440,넷타겟,"제약바이오 29개社, 신약 후보물질·개발 플랫폼 공개한다",NEUTRAL
441,넷타겟,"제약바이오협회, 내달 5일 `오픈 이노베이션 플라자` 개최",NEUTRAL
442,넷타겟,"제약바이오기업, 다음달 5일 오픈 이노베이션 플라자",NEUTRAL
443,넷타겟,"제약바이오협, '오픈 이노베이션' 협력의 장 마련",NEUTRAL
444,인공지능연구원,"과제는 A+, 자소서도 술술…학교·기업 AI에 속수무책",POSITIVE
445,인공지능연구원,"""챗봇 베낀 과제가 A+"" 대학가, '복붙금지' 비상",NEUTRAL
446,인공지능연구원,"""과제 냈더니 A+""…챗GPT '대필'에 국내 대학 무방비",POSITIVE
447,인공지능연구원,"[게시판] KT클라우드, 서울대 AI 연구원과 정신건강 관리플랫폼 개발",NEUTRAL
448,인공지능연구원,"[생성 AI시대, 우리는]〈1〉AI, 알파고 충격 후 얼마나 발전했나",NEUTRAL
449,트위니,"현대엘리베이터 ""서비스 1년만에 오픈API 60곳 참여""",NEUTRAL
450,트위니,"현대엘베, ‘오픈 API’ 1년만에 60여곳 참여",NEUTRAL
451,트위니,현대엘리베이터 API... 참여주체 60여곳 확대,NEUTRAL
452,트위니,"트위니, 한국로봇종합학술대회서 채용 부스 운영",NEUTRAL
453,트위니,현대엘리베이터 오픈 API 확산 가속…개인·기업 참여↑,NEUTRAL
454,인피닉,"SBA, CES2023 서울관 지원사업 성과이어져",POSITIVE
455,인피닉,"인피닉, CES 2023서 자율주행 센서 퓨전 기술 공개",NEUTRAL
456,인피닉,"인피닉, CES2023에서 센서 퓨전 기술 선보여",NEUTRAL
457,인피닉,"SBA, CES 통해 테크허브 서울 비전 제시",NEUTRAL
458,인피닉,"서울산업진흥원, 66개 기업과 '테크허브 서울' 선보여[CES 2023]",NEUTRAL
459,제너레잇,건물 형태-크기 등 분석 선택지 1만개… “사람 설계보다 매출 28% 껑충”[허진석의 ‘톡톡 스타트업’],POSITIVE
460,제너레잇,[부음] 김수덕 별세 외,NEUTRAL
461,제너레잇,[부고]김수덕 별세 外,NEUTRAL
462,제너레잇,[부고] 이영조씨 별세 外,NEUTRAL
463,제너레잇,9월 23일 궂긴 소식,NEGATIVE
464,자비스앤빌런즈,"[쫌아는기자들] 삼쩜삼과 김범섭 대표, 연쇄창업자는 어떻게 IT서비스 갈등을 헤쳐나갈까",NEUTRAL
465,자비스앤빌런즈,"스타트업 덮친 개인정보 문제 푼다…국회 유니콘팜, 1호법안 발의",NEUTRAL
466,자비스앤빌런즈,플랫폼 종사자에 무료 세무상담…삼쩜삼·한국노동공제회 맞손,NEUTRAL
467,자비스앤빌런즈,"챌린저스, 리워드 기능 추가…이지태스크, 신규 서비스[중기소식]",NEUTRAL
468,자비스앤빌런즈,"삼쩜삼, 한국노동공제회와 맞손…프리랜서 노동자 권익 향상 나서",NEUTRAL
469,로보코리아,"플랫폼·제조사 1등끼리 뭉쳤다…카모-현대차, 자율주행 맞손 [Geeks' Briefing]",POSITIVE
470,로보코리아,[아이엠(I'M)] 이승건 로보코리아 대표 “음성합성 AI로 목소리 NFT 런칭”,NEUTRAL
471,로보코리아,"""펀드매니저보다 낫네""···로보어드바이저 펀드 올 최고 수익률 14.95%",POSITIVE
472,디오비스튜디오,'제2 챗GPT' 우리가 만든다…국내 스타트업 잇단 도전장,NEUTRAL
473,디오비스튜디오,"걸그룹·크리에이터 활약 `버추얼 휴먼`, 챗GPT·생성AI 만나 진화",POSITIVE
474,디오비스튜디오,"[IT돋보기] '25살, 다정하고 잘생김'...그대는 남사친 AI챗봇 '강다온'",POSITIVE
475,디오비스튜디오,"""가상인간은 모델로 안 씁니다""",NEUTRAL
476,디오비스튜디오,'이루다 논란' 개발사의 새 AI챗봇 '강다온'…정치 얘기했더니,NEUTRAL
477,레드브릭,"레드브릭, 한국MS와 ‘메타버스 캠퍼스’ 조성 위해 협력",NEUTRAL
478,레드브릭,"레드브릭, 한국MS와 메타버스 대학 캠퍼스 조성 사업 MOU 체결",NEUTRAL
479,레드브릭,None,NEUTRAL
480,레드브릭,각 대학을 '메타버스 캠퍼스'로 만든다…레드브릭·한국MS 맞손,NEUTRAL
481,레드브릭,"레드브릭, 한국MS와 맞손…‘메타버스 캠퍼스’ 조성 협력",NEUTRAL
482,에덴룩스,AI의료진단·도시농업혁신…CES서 선보인 동남권 미래,POSITIVE
483,에덴룩스,"[CES 2023] 브랜드 벽 허문 ‘초연결’ IoT 시대 개막, 중소기업에겐 기회?",POSITIVE
484,에덴룩스,"창원 스타트업 2곳, 미국 CES 2023 '혁신상' 수상",POSITIVE
485,에덴룩스,창업 지원 '스타트업 허브' 조성…경남을 '창업 기회의 땅'으로,POSITIVE
486,에덴룩스,창원 스타트업 미국 CES서 존재감 입증 … 세계가 주목하다,POSITIVE
487,씨앤에이아이,스타트업의 디테일: 창의성을 높이는 공간과 조직문화는 어떻게 만들어지나[스테파니],NEUTRAL
488,씨앤에이아이,"씨앤에이아이, CES 2023 부스 참여.. 합성AI 기술 알렸다",POSITIVE
489,씨앤에이아이,"[CES 2023]ET테크포럼 ""혁신 아이디어, 기술 넘어 비즈니스 모델로""",NEUTRAL
490,씨앤에이아이,"마이리얼트립, 해외 숙박 예약 서비스…쏘카는 코레일과 협업 [Geeks' Briefing]",NEUTRAL
491,씨앤에이아이,'암세포 증식속도·규모' AI로 정확히 분석한다…韓·英 산학협력,NEUTRAL
492,뤼이드,"7년 만에 돌아온 AI 모멘트, K-인공지능 슈퍼스타는…",POSITIVE
493,뤼이드,[실험실 창업] 팀 쿡이 공교육 필수교과로 '코딩' 추천한 까닭,NEUTRAL
494,뤼이드,클 때는 ‘세계 기준’ 줄일 땐 ‘한국식’…스타트업 고용 딜레마,NEUTRAL
495,뤼이드,풀리지 않는 투자 빙하기…스타트업도 '구조조정' 칼바람,NEGATIVE
496,뤼이드,식지 않는 AI 열풍… AI기업 창투사 주가도 급등,POSITIVE
497,클라리파이,“헬스케어 업계와 의사 기업인 뭉쳤다”…’한국디지털의료융합산업협회’ 출범,NEUTRAL
498,클라리파이,한국디지털의료융합산업협회 출범...송해룡 초대 회장 추대,NEUTRAL
499,클라리파이,"케이스톤파트너스, 투자영역 벤처로 확대",NEUTRAL
500,클라리파이,"케이스톤파트너스파트너스, 올해 ‘VC 도전’ 외연 확장",NEUTRAL
501,클라리파이,"국내 의료 AI 기업들, 북미 최대 영상의학회서 신기술 소개한다",NEUTRAL
502,스프링클라우드,"스프링클라우드, 티어포와 '자율주행' 기술 개발 맞손",NEUTRAL
503,스프링클라우드,"“농촌 인력난, 무인차로 해결”… 이스라엘도 반한 韓 자율주행 스타트업",NEUTRAL
504,스프링클라우드,"스프링클라우드, 자율주행 관련 OPEN X' 스터디포럼 개최",NEUTRAL
505,스프링클라우드,"진천여객, 충북혁신도시에 DRT 도입…내년 초 시범운영",NEUTRAL
506,스프링클라우드,충북혁신도시 수요응답형 버스 운행…진천여객,NEUTRAL
507,인터마인즈,"[인터뷰]""10개월치 인건비 있으면 무인편의점 구축가능""",NEUTRAL
508,인터마인즈,"인터마인즈, BGF리테일과 무인 매장 구축 사업 협력 업무협약 체결",NEUTRAL
509,인터마인즈,"""대기업-스타트업, 윈윈 투자 솔루션 설계...막힌 '돈맥' 뚫어주죠""",POSITIVE
510,인터마인즈,"국가대표 ICT 펀드 ‘KIF’, 5년 간 4천억원 신규 출자",POSITIVE
511,인터마인즈,똑똑한 데이터 나온다…“AI로 쇼핑 스타일 분석”,NEUTRAL
512,에스투더블유,"""랜섬웨어 공격기법·대응방안 다 담았다"", SK쉴더스·KARA 보고서 발간",NEUTRAL
513,에스투더블유,랜섬웨어 '갈수록 악랄'...데이터 훔치고 파괴까지,NEUTRAL
514,에스투더블유,[르포]민관 협력의 '심장'…국정원 '국가사이버안보협력센터' 가보니,NEUTRAL
515,에스투더블유,"국정원, 판교서 '국가사이버안보협력센터' 개소식 개최",NEUTRAL
516,에스투더블유,[ZD브리핑] 이번 주 꼭 챙겨봐야 할 뉴스,NEUTRAL
517,인코어드테크놀로지스,아주대 산학연 협력 성과확산 축제,NEUTRAL
518,인코어드테크놀로지스,"제주, 분산 에너지 특구 지정 박차",POSITIVE
519,인코어드테크놀로지스,"[에너지 뉴스] 제품안전관리원·한수원·발전5사, 부정성적서 조사 협력 外",NEUTRAL
520,인코어드테크놀로지스,"동서발전-인코어드 테크놀로지스, 미래에너지시장 대응 협력 체결",NEUTRAL
521,인코어드테크놀로지스,"한국동서발전, 인코어드 테크놀로지스와 업무협약 체결",NEUTRAL
522,크래프트테크놀로지스,14일 美 소비자물가 발표 주목,NEUTRAL
523,크래프트테크놀로지스,동학개미 이번주 꼭 알아야 할 증시 일정은,NEUTRAL
524,크래프트테크놀로지스,"크래프트 테크놀로지스 “AI ETF, 수익률 상위 10% 기록”",POSITIVE
525,크래프트테크놀로지스,디즈니·우버 이번주 실적 발표 주목,NEUTRAL
526,크래프트테크놀로지스,테슬라 33% 폭등 … 한미 증시 이번주에도 달릴까,POSITIVE
527,이스트소프트,지능정보산업협회 장홍성 회장 연임,NEUTRAL
528,이스트소프트,"[특징주]이스트소프트, 세계 최고 수준 AI 버추얼휴먼 스튜디오·챗GPT 연계",POSITIVE
529,이스트소프트,[인물 360] 시도 논문도 쓴다…인간 언어 구사하는 '챗 GPT',NEUTRAL
530,이스트소프트,"이스트소프트, 50억 규모 교환사채 발행 결정",NEUTRAL
531,이스트소프트,"AI 신사업 확장 나선 이스트소프트, 50억원 규모 교환사채 발행.",NEUTRAL
532,베스텔라랩,"똑똑한 챗GPT 돕는 AI 반도체, 토종 스타트업도 만든다[Geeks' Briefing]",NEUTRAL
533,베스텔라랩,경기혁신센터 보육기업 27개사…3대 스타트업 경영대회 석권,POSITIVE
534,베스텔라랩,"경기창경센터, 세계 3대 스타트업 경연대회 석권",POSITIVE
535,베스텔라랩,"가까운 ‘빈자리’ 콕 집어 안내… 요즘 아파트, 주차 시간도 아껴드려요",NEUTRAL
536,베스텔라랩,“주차장 빈 주차면 실시간 안내”…韓 스타트업 CES 혁신상 수상,POSITIVE
537,리벨리온,"[마켓인]미래에셋벤처, AI반도체 투자 선점…‘챗GPT’ 열풍 속 기대감↑",POSITIVE
538,리벨리온,"삼성·네이버 동맹, 'AI 세계대전' 참전 속도낸다 [초거대 AI 시대가 온다]",NEUTRAL
539,리벨리온,“챗GPT 뒤 삼성·SK 존재감 이 정도?” 천금 같은 기회 잡았다 [AI반도체 전쟁②],POSITIVE
540,리벨리온,"'AI 반도체 플랜' 첫 참여 기업은?…정부, 공모 시작",NEUTRAL
541,리벨리온,"[인터뷰] 챗GPT 시대, 밑그림 그리는 ARM… “韓 스타트업들, ARM 기반 ‘AI칩’ 내놓는다”",NEUTRAL
542,비주얼캠프,"최태원 “SK, ‘임팩트 유니콘’ 성공모델 만든다”",POSITIVE
543,비주얼캠프,"SK그룹, 사회문제 해결 '임팩트 유니콘' 성공모델 육성 지원",NEUTRAL
544,비주얼캠프,①바다 쓰레기 ②쓰레기 매립지 가스를 쓸모 있게 바꾼다... SK가 주목한 두 기업은,POSITIVE
545,비주얼캠프,"SK그룹, 환경 소셜벤처 2곳 ‘유니콘’으로 육성한다",NEUTRAL
546,비주얼캠프,"SK그룹, 사회문제 해결하는 ‘임팩트 유니콘’ 성공모델 만든다",POSITIVE
547,한국축산데이터,국내 최대 개발자 컨퍼런스 ‘DEVIEW 2023’ 참가 접수 시작,NEUTRAL
548,한국축산데이터,"네이버 개발자 컨퍼런스 ‘데뷰2023’, 27일 코엑스서 개막",NEUTRAL
549,한국축산데이터,네이버 개발자 컨퍼런스 ‘데뷰’ 27일 코엑스서 개막… ‘서치GPT’ 등장하나,NEUTRAL
550,한국축산데이터,"네이버, 개발자 콘퍼런스 ‘데뷰 2023’ 참가 접수 진행",NEUTRAL
551,한국축산데이터,"네이버, 개발자 콘퍼런스 '데뷰 2023' 27~28일 개최",NEUTRAL
552,크라우드웍스,"'디지털 인형 눈알 붙이기' 뭐길래…누적 1등, 2200만원 벌었다",POSITIVE
553,크라우드웍스,"""챗GPT는 게임 체인저""…AI 기업 IPO 도전 '봇물'",POSITIVE
554,크라우드웍스,챗GPT 신드롬에 새해 AI 수혜주 들썩,POSITIVE
555,크라우드웍스,"긱플래너, 쿨리지코너 '임팩트 펀드'로부터 15억 투자유치",NEUTRAL
556,크라우드웍스,"파트타임 구직자 천만 시대 대안될까...긱플래너, '일거리 쪼개기' 나선다",NEUTRAL
557,에이젠글로벌,"에이젠글로벌, CES 2023에서 AI금융 비전 제시",NEUTRAL
558,에이젠글로벌,"에이젠글로벌, 산업은행 KDB넥스트라운드서 IR 진행",NEUTRAL
559,에이젠글로벌,"산은, 스타트업 투자유치 플랫폼 'KDB 넥스트라운드 2022' 마무리",NEUTRAL
560,에이젠글로벌,산업銀 KDB넥스트라운드 클로징데이 성료,NEUTRAL
561,에이젠글로벌,"에이젠글로벌, ‘크레딧커넥트’로 금융서비스 해외 수출",NEUTRAL
562,리턴제로,"BM 고도화·서비스 유료화...스타트업, 생존전략 다시 짠다",NEUTRAL
563,리턴제로,로컬 브랜드·아티스트 모인다…맹그로브 '신촌대잔치'[중기소식],NEUTRAL
564,리턴제로,"눈으로 보는 통화 앱 ‘비토(VITO)’,멤버십 서비스 개편",NEUTRAL
565,리턴제로,'인력난' 코딩 기술자 없어도 IT사업…서비스형SW 주목,NEUTRAL
566,리턴제로,개인 맞춤 상품 추천 부터 화물 운송까지 AI 기반 B2B 서비스 다양,NEUTRAL
567,콰라소프트,"[人사이트]오종욱 웨이브릿지 대표 ""전통 금융과 디지털자산 융합한 새로운 투자상품 시도""",NEUTRAL
568,콰라소프트,"
			[매일경제TV] 해외 주식 소액 투자하는 방법
		",NEUTRAL
569,콰라소프트,"블루밍비트, 김대순 CPO 선임…웨이브릿지 출신 핀테크 전문가",NEUTRAL
570,콰라소프트,금융거래 계좌 없이 포인트만으로 체크카드 만든다,NEUTRAL
571,콰라소프트,‘포인트 기반 체크카드 발급’ 혁신금융서비스 지정,POSITIVE
572,루닛,"[마켓인]미래에셋벤처, AI반도체 투자 선점…‘챗GPT’ 열풍 속 기대감↑",POSITIVE
573,루닛,"7년 만에 돌아온 AI 모멘트, K-인공지능 슈퍼스타는…",POSITIVE
574,루닛,[주식 초고수는 지금] 테슬라 급등에 2차전지株 매수세 집중,POSITIVE
575,루닛,[마켓인]투자 빙하기라고?…딴 세상에 사는 이 업종,NEUTRAL
576,루닛,[이 주의 관.종.]눈보다 빠르고 정확한 AI…암 조기진단 루닛,NEUTRAL
577,뷰노,"신보, ‘제9기 혁신아이콘’ 공개 모집…다양한 혜택 제공",NEUTRAL
578,뷰노,"신보, 9기 '혁신아이콘' 공개모집…3년간 최대 150억원 보증",NEUTRAL
579,뷰노,"신용보증기금, 제9기 '혁신아이콘' 공개모집",NEUTRAL
580,뷰노,"3년간 최대 150억원 보증…""혁신회사 지원하세요""",NEUTRAL
581,뷰노,"공동창업 뷰노, 경영 이어 소유도 '이예하 대표' 중심 재편",NEUTRAL
582,아드리엘,“내가 지금 걸어가는 길이 곧 인생길…걸어온 다음에야 보여”,NEUTRAL
583,아드리엘,‘힐링의 현대음악가’ 리히터가 온다,POSITIVE
584,아드리엘,‘네오 클래식’ 대명사 막스 리히터···경계 허물고 현실에 뛰어드는 음악 세계,NEUTRAL
585,아드리엘,"에제드, 클라이언트 리포트 향상 위해 아드리엘 대시보드 도입",NEUTRAL
586,아드리엘,"윙잇, 지난해 매출 410억…원격 미술치료 '마음드로잉'[중기소식]",NEUTRAL
